questions,answer,type
Where did CVPR take place in 2024? Give me the exact location only.,"Seattle, Washington",city
"In 2024, where was CVPR held? Give me the exact location only.","Seattle, Washington",city
What was the location of CVPR in 2024? Give me the exact location only.,"Seattle, Washington",city
Where was the venue for CVPR in 2024? Give me the exact location only.,"Seattle, Washington",city
What was the site of CVPR in 2024? Give me the exact location only.,"Seattle, Washington",city
"In 2024, where was CVPR hosted? Give me the exact location only.","Seattle, Washington",city
Where did CVPR occur in 2024? Give me the exact location only.,"Seattle, Washington",city
What venue hosted CVPR in 2024? Give me the exact location only.,"Seattle, Washington",city
Where did CVPR convene in 2024? Give me the exact location only.,"Seattle, Washington",city
What was the location for CVPR in 2024? Give me the exact location only.,"Seattle, Washington",city
CVPR 2024 location Give me the exact location only.,"Seattle, Washington",city
What location accommodated CVPR in 2024? Give me the exact location only.,"Seattle, Washington",city
Where was the place of assembly for CVPR in 2024? Give me the exact location only.,"Seattle, Washington",city
What was the venue of CVPR in 2024? Give me the exact location only.,"Seattle, Washington",city
Give me the venue for 2024 CVPR Give me the exact location only.,"Seattle, Washington",city
Where did CVPR take place in 2023? Give me the exact location only.,"Vancouver, British Columbia",city
"In 2023, where was CVPR held? Give me the exact location only.","Vancouver, British Columbia",city
What was the location of CVPR in 2023? Give me the exact location only.,"Vancouver, British Columbia",city
Where was the venue for CVPR in 2023? Give me the exact location only.,"Vancouver, British Columbia",city
What was the site of CVPR in 2023? Give me the exact location only.,"Vancouver, British Columbia",city
"In 2023, where was CVPR hosted? Give me the exact location only.","Vancouver, British Columbia",city
Where did CVPR occur in 2023? Give me the exact location only.,"Vancouver, British Columbia",city
What venue hosted CVPR in 2023? Give me the exact location only.,"Vancouver, British Columbia",city
Where did CVPR convene in 2023? Give me the exact location only.,"Vancouver, British Columbia",city
What was the location for CVPR in 2023? Give me the exact location only.,"Vancouver, British Columbia",city
CVPR 2023 location Give me the exact location only.,"Vancouver, British Columbia",city
What location accommodated CVPR in 2023? Give me the exact location only.,"Vancouver, British Columbia",city
Where was the place of assembly for CVPR in 2023? Give me the exact location only.,"Vancouver, British Columbia",city
What was the venue of CVPR in 2023? Give me the exact location only.,"Vancouver, British Columbia",city
Give me the venue for 2023 CVPR Give me the exact location only.,"Vancouver, British Columbia",city
Where did CVPR take place in 2022? Give me the exact location only.,"New Orleans, Louisiana",city
"In 2022, where was CVPR held? Give me the exact location only.","New Orleans, Louisiana",city
What was the location of CVPR in 2022? Give me the exact location only.,"New Orleans, Louisiana",city
Where was the venue for CVPR in 2022? Give me the exact location only.,"New Orleans, Louisiana",city
What was the site of CVPR in 2022? Give me the exact location only.,"New Orleans, Louisiana",city
"In 2022, where was CVPR hosted? Give me the exact location only.","New Orleans, Louisiana",city
Where did CVPR occur in 2022? Give me the exact location only.,"New Orleans, Louisiana",city
What venue hosted CVPR in 2022? Give me the exact location only.,"New Orleans, Louisiana",city
Where did CVPR convene in 2022? Give me the exact location only.,"New Orleans, Louisiana",city
What was the location for CVPR in 2022? Give me the exact location only.,"New Orleans, Louisiana",city
CVPR 2022 location Give me the exact location only.,"New Orleans, Louisiana",city
What location accommodated CVPR in 2022? Give me the exact location only.,"New Orleans, Louisiana",city
Where was the place of assembly for CVPR in 2022? Give me the exact location only.,"New Orleans, Louisiana",city
What was the venue of CVPR in 2022? Give me the exact location only.,"New Orleans, Louisiana",city
Give me the venue for 2022 CVPR Give me the exact location only.,"New Orleans, Louisiana",city
Where did CVPR take place in 2021? Give me the exact location only.,"Nashville, Tennessee Virtual/Online due to COVID-19[14]",city
"In 2021, where was CVPR held? Give me the exact location only.","Nashville, Tennessee Virtual/Online due to COVID-19[14]",city
What was the location of CVPR in 2021? Give me the exact location only.,"Nashville, Tennessee Virtual/Online due to COVID-19[14]",city
Where was the venue for CVPR in 2021? Give me the exact location only.,"Nashville, Tennessee Virtual/Online due to COVID-19[14]",city
What was the site of CVPR in 2021? Give me the exact location only.,"Nashville, Tennessee Virtual/Online due to COVID-19[14]",city
"In 2021, where was CVPR hosted? Give me the exact location only.","Nashville, Tennessee Virtual/Online due to COVID-19[14]",city
Where did CVPR occur in 2021? Give me the exact location only.,"Nashville, Tennessee Virtual/Online due to COVID-19[14]",city
What venue hosted CVPR in 2021? Give me the exact location only.,"Nashville, Tennessee Virtual/Online due to COVID-19[14]",city
Where did CVPR convene in 2021? Give me the exact location only.,"Nashville, Tennessee Virtual/Online due to COVID-19[14]",city
What was the location for CVPR in 2021? Give me the exact location only.,"Nashville, Tennessee Virtual/Online due to COVID-19[14]",city
CVPR 2021 location Give me the exact location only.,"Nashville, Tennessee Virtual/Online due to COVID-19[14]",city
What location accommodated CVPR in 2021? Give me the exact location only.,"Nashville, Tennessee Virtual/Online due to COVID-19[14]",city
Where was the place of assembly for CVPR in 2021? Give me the exact location only.,"Nashville, Tennessee Virtual/Online due to COVID-19[14]",city
What was the venue of CVPR in 2021? Give me the exact location only.,"Nashville, Tennessee Virtual/Online due to COVID-19[14]",city
Give me the venue for 2021 CVPR Give me the exact location only.,"Nashville, Tennessee Virtual/Online due to COVID-19[14]",city
Where did CVPR take place in 2020? Give me the exact location only.,"Seattle, Washington Virtual/Online due to COVID-19[15]",city
"In 2020, where was CVPR held? Give me the exact location only.","Seattle, Washington Virtual/Online due to COVID-19[15]",city
What was the location of CVPR in 2020? Give me the exact location only.,"Seattle, Washington Virtual/Online due to COVID-19[15]",city
Where was the venue for CVPR in 2020? Give me the exact location only.,"Seattle, Washington Virtual/Online due to COVID-19[15]",city
What was the site of CVPR in 2020? Give me the exact location only.,"Seattle, Washington Virtual/Online due to COVID-19[15]",city
"In 2020, where was CVPR hosted? Give me the exact location only.","Seattle, Washington Virtual/Online due to COVID-19[15]",city
Where did CVPR occur in 2020? Give me the exact location only.,"Seattle, Washington Virtual/Online due to COVID-19[15]",city
What venue hosted CVPR in 2020? Give me the exact location only.,"Seattle, Washington Virtual/Online due to COVID-19[15]",city
Where did CVPR convene in 2020? Give me the exact location only.,"Seattle, Washington Virtual/Online due to COVID-19[15]",city
What was the location for CVPR in 2020? Give me the exact location only.,"Seattle, Washington Virtual/Online due to COVID-19[15]",city
CVPR 2020 location Give me the exact location only.,"Seattle, Washington Virtual/Online due to COVID-19[15]",city
What location accommodated CVPR in 2020? Give me the exact location only.,"Seattle, Washington Virtual/Online due to COVID-19[15]",city
Where was the place of assembly for CVPR in 2020? Give me the exact location only.,"Seattle, Washington Virtual/Online due to COVID-19[15]",city
What was the venue of CVPR in 2020? Give me the exact location only.,"Seattle, Washington Virtual/Online due to COVID-19[15]",city
Give me the venue for 2020 CVPR Give me the exact location only.,"Seattle, Washington Virtual/Online due to COVID-19[15]",city
Where did CVPR take place in 2019? Give me the exact location only.,"Long Beach, California",city
"In 2019, where was CVPR held? Give me the exact location only.","Long Beach, California",city
What was the location of CVPR in 2019? Give me the exact location only.,"Long Beach, California",city
Where was the venue for CVPR in 2019? Give me the exact location only.,"Long Beach, California",city
What was the site of CVPR in 2019? Give me the exact location only.,"Long Beach, California",city
"In 2019, where was CVPR hosted? Give me the exact location only.","Long Beach, California",city
Where did CVPR occur in 2019? Give me the exact location only.,"Long Beach, California",city
What venue hosted CVPR in 2019? Give me the exact location only.,"Long Beach, California",city
Where did CVPR convene in 2019? Give me the exact location only.,"Long Beach, California",city
What was the location for CVPR in 2019? Give me the exact location only.,"Long Beach, California",city
CVPR 2019 location Give me the exact location only.,"Long Beach, California",city
What location accommodated CVPR in 2019? Give me the exact location only.,"Long Beach, California",city
Where was the place of assembly for CVPR in 2019? Give me the exact location only.,"Long Beach, California",city
What was the venue of CVPR in 2019? Give me the exact location only.,"Long Beach, California",city
Give me the venue for 2019 CVPR Give me the exact location only.,"Long Beach, California",city
Where did CVPR take place in 2018? Give me the exact location only.,"Salt Lake City, Utah",city
"In 2018, where was CVPR held? Give me the exact location only.","Salt Lake City, Utah",city
What was the location of CVPR in 2018? Give me the exact location only.,"Salt Lake City, Utah",city
Where was the venue for CVPR in 2018? Give me the exact location only.,"Salt Lake City, Utah",city
What was the site of CVPR in 2018? Give me the exact location only.,"Salt Lake City, Utah",city
"In 2018, where was CVPR hosted? Give me the exact location only.","Salt Lake City, Utah",city
Where did CVPR occur in 2018? Give me the exact location only.,"Salt Lake City, Utah",city
What venue hosted CVPR in 2018? Give me the exact location only.,"Salt Lake City, Utah",city
Where did CVPR convene in 2018? Give me the exact location only.,"Salt Lake City, Utah",city
What was the location for CVPR in 2018? Give me the exact location only.,"Salt Lake City, Utah",city
CVPR 2018 location Give me the exact location only.,"Salt Lake City, Utah",city
What location accommodated CVPR in 2018? Give me the exact location only.,"Salt Lake City, Utah",city
Where was the place of assembly for CVPR in 2018? Give me the exact location only.,"Salt Lake City, Utah",city
What was the venue of CVPR in 2018? Give me the exact location only.,"Salt Lake City, Utah",city
Give me the venue for 2018 CVPR Give me the exact location only.,"Salt Lake City, Utah",city
Where did CVPR take place in 2017? Give me the exact location only.,"Honolulu, Hawaii",city
"In 2017, where was CVPR held? Give me the exact location only.","Honolulu, Hawaii",city
What was the location of CVPR in 2017? Give me the exact location only.,"Honolulu, Hawaii",city
Where was the venue for CVPR in 2017? Give me the exact location only.,"Honolulu, Hawaii",city
What was the site of CVPR in 2017? Give me the exact location only.,"Honolulu, Hawaii",city
"In 2017, where was CVPR hosted? Give me the exact location only.","Honolulu, Hawaii",city
Where did CVPR occur in 2017? Give me the exact location only.,"Honolulu, Hawaii",city
What venue hosted CVPR in 2017? Give me the exact location only.,"Honolulu, Hawaii",city
Where did CVPR convene in 2017? Give me the exact location only.,"Honolulu, Hawaii",city
What was the location for CVPR in 2017? Give me the exact location only.,"Honolulu, Hawaii",city
CVPR 2017 location Give me the exact location only.,"Honolulu, Hawaii",city
What location accommodated CVPR in 2017? Give me the exact location only.,"Honolulu, Hawaii",city
Where was the place of assembly for CVPR in 2017? Give me the exact location only.,"Honolulu, Hawaii",city
What was the venue of CVPR in 2017? Give me the exact location only.,"Honolulu, Hawaii",city
Give me the venue for 2017 CVPR Give me the exact location only.,"Honolulu, Hawaii",city
Where did CVPR take place in 2016? Give me the exact location only.,"Las Vegas, Nevada",city
"In 2016, where was CVPR held? Give me the exact location only.","Las Vegas, Nevada",city
What was the location of CVPR in 2016? Give me the exact location only.,"Las Vegas, Nevada",city
Where was the venue for CVPR in 2016? Give me the exact location only.,"Las Vegas, Nevada",city
What was the site of CVPR in 2016? Give me the exact location only.,"Las Vegas, Nevada",city
"In 2016, where was CVPR hosted? Give me the exact location only.","Las Vegas, Nevada",city
Where did CVPR occur in 2016? Give me the exact location only.,"Las Vegas, Nevada",city
What venue hosted CVPR in 2016? Give me the exact location only.,"Las Vegas, Nevada",city
Where did CVPR convene in 2016? Give me the exact location only.,"Las Vegas, Nevada",city
What was the location for CVPR in 2016? Give me the exact location only.,"Las Vegas, Nevada",city
CVPR 2016 location Give me the exact location only.,"Las Vegas, Nevada",city
What location accommodated CVPR in 2016? Give me the exact location only.,"Las Vegas, Nevada",city
Where was the place of assembly for CVPR in 2016? Give me the exact location only.,"Las Vegas, Nevada",city
What was the venue of CVPR in 2016? Give me the exact location only.,"Las Vegas, Nevada",city
Give me the venue for 2016 CVPR Give me the exact location only.,"Las Vegas, Nevada",city
Where did CVPR take place in 2015? Give me the exact location only.,"Boston, Massachusetts",city
"In 2015, where was CVPR held? Give me the exact location only.","Boston, Massachusetts",city
What was the location of CVPR in 2015? Give me the exact location only.,"Boston, Massachusetts",city
Where was the venue for CVPR in 2015? Give me the exact location only.,"Boston, Massachusetts",city
What was the site of CVPR in 2015? Give me the exact location only.,"Boston, Massachusetts",city
"In 2015, where was CVPR hosted? Give me the exact location only.","Boston, Massachusetts",city
Where did CVPR occur in 2015? Give me the exact location only.,"Boston, Massachusetts",city
What venue hosted CVPR in 2015? Give me the exact location only.,"Boston, Massachusetts",city
Where did CVPR convene in 2015? Give me the exact location only.,"Boston, Massachusetts",city
What was the location for CVPR in 2015? Give me the exact location only.,"Boston, Massachusetts",city
CVPR 2015 location Give me the exact location only.,"Boston, Massachusetts",city
What location accommodated CVPR in 2015? Give me the exact location only.,"Boston, Massachusetts",city
Where was the place of assembly for CVPR in 2015? Give me the exact location only.,"Boston, Massachusetts",city
What was the venue of CVPR in 2015? Give me the exact location only.,"Boston, Massachusetts",city
Give me the venue for 2015 CVPR Give me the exact location only.,"Boston, Massachusetts",city
Where did CVPR take place in 2014? Give me the exact location only.,"Columbus, Ohio",city
"In 2014, where was CVPR held? Give me the exact location only.","Columbus, Ohio",city
What was the location of CVPR in 2014? Give me the exact location only.,"Columbus, Ohio",city
Where was the venue for CVPR in 2014? Give me the exact location only.,"Columbus, Ohio",city
What was the site of CVPR in 2014? Give me the exact location only.,"Columbus, Ohio",city
"In 2014, where was CVPR hosted? Give me the exact location only.","Columbus, Ohio",city
Where did CVPR occur in 2014? Give me the exact location only.,"Columbus, Ohio",city
What venue hosted CVPR in 2014? Give me the exact location only.,"Columbus, Ohio",city
Where did CVPR convene in 2014? Give me the exact location only.,"Columbus, Ohio",city
What was the location for CVPR in 2014? Give me the exact location only.,"Columbus, Ohio",city
CVPR 2014 location Give me the exact location only.,"Columbus, Ohio",city
What location accommodated CVPR in 2014? Give me the exact location only.,"Columbus, Ohio",city
Where was the place of assembly for CVPR in 2014? Give me the exact location only.,"Columbus, Ohio",city
What was the venue of CVPR in 2014? Give me the exact location only.,"Columbus, Ohio",city
Give me the venue for 2014 CVPR Give me the exact location only.,"Columbus, Ohio",city
Where did CVPR take place in 2013? Give me the exact location only.,"Portland, Oregon",city
"In 2013, where was CVPR held? Give me the exact location only.","Portland, Oregon",city
What was the location of CVPR in 2013? Give me the exact location only.,"Portland, Oregon",city
Where was the venue for CVPR in 2013? Give me the exact location only.,"Portland, Oregon",city
What was the site of CVPR in 2013? Give me the exact location only.,"Portland, Oregon",city
"In 2013, where was CVPR hosted? Give me the exact location only.","Portland, Oregon",city
Where did CVPR occur in 2013? Give me the exact location only.,"Portland, Oregon",city
What venue hosted CVPR in 2013? Give me the exact location only.,"Portland, Oregon",city
Where did CVPR convene in 2013? Give me the exact location only.,"Portland, Oregon",city
What was the location for CVPR in 2013? Give me the exact location only.,"Portland, Oregon",city
CVPR 2013 location Give me the exact location only.,"Portland, Oregon",city
What location accommodated CVPR in 2013? Give me the exact location only.,"Portland, Oregon",city
Where was the place of assembly for CVPR in 2013? Give me the exact location only.,"Portland, Oregon",city
What was the venue of CVPR in 2013? Give me the exact location only.,"Portland, Oregon",city
Give me the venue for 2013 CVPR Give me the exact location only.,"Portland, Oregon",city
Where did CVPR take place in 2012? Give me the exact location only.,"Providence, Rhode Island",city
"In 2012, where was CVPR held? Give me the exact location only.","Providence, Rhode Island",city
What was the location of CVPR in 2012? Give me the exact location only.,"Providence, Rhode Island",city
Where was the venue for CVPR in 2012? Give me the exact location only.,"Providence, Rhode Island",city
What was the site of CVPR in 2012? Give me the exact location only.,"Providence, Rhode Island",city
"In 2012, where was CVPR hosted? Give me the exact location only.","Providence, Rhode Island",city
Where did CVPR occur in 2012? Give me the exact location only.,"Providence, Rhode Island",city
What venue hosted CVPR in 2012? Give me the exact location only.,"Providence, Rhode Island",city
Where did CVPR convene in 2012? Give me the exact location only.,"Providence, Rhode Island",city
What was the location for CVPR in 2012? Give me the exact location only.,"Providence, Rhode Island",city
CVPR 2012 location Give me the exact location only.,"Providence, Rhode Island",city
What location accommodated CVPR in 2012? Give me the exact location only.,"Providence, Rhode Island",city
Where was the place of assembly for CVPR in 2012? Give me the exact location only.,"Providence, Rhode Island",city
What was the venue of CVPR in 2012? Give me the exact location only.,"Providence, Rhode Island",city
Give me the venue for 2012 CVPR Give me the exact location only.,"Providence, Rhode Island",city
Where did CVPR take place in 2011? Give me the exact location only.,"Colorado Springs, Colorado",city
"In 2011, where was CVPR held? Give me the exact location only.","Colorado Springs, Colorado",city
What was the location of CVPR in 2011? Give me the exact location only.,"Colorado Springs, Colorado",city
Where was the venue for CVPR in 2011? Give me the exact location only.,"Colorado Springs, Colorado",city
What was the site of CVPR in 2011? Give me the exact location only.,"Colorado Springs, Colorado",city
"In 2011, where was CVPR hosted? Give me the exact location only.","Colorado Springs, Colorado",city
Where did CVPR occur in 2011? Give me the exact location only.,"Colorado Springs, Colorado",city
What venue hosted CVPR in 2011? Give me the exact location only.,"Colorado Springs, Colorado",city
Where did CVPR convene in 2011? Give me the exact location only.,"Colorado Springs, Colorado",city
What was the location for CVPR in 2011? Give me the exact location only.,"Colorado Springs, Colorado",city
CVPR 2011 location Give me the exact location only.,"Colorado Springs, Colorado",city
What location accommodated CVPR in 2011? Give me the exact location only.,"Colorado Springs, Colorado",city
Where was the place of assembly for CVPR in 2011? Give me the exact location only.,"Colorado Springs, Colorado",city
What was the venue of CVPR in 2011? Give me the exact location only.,"Colorado Springs, Colorado",city
Give me the venue for 2011 CVPR Give me the exact location only.,"Colorado Springs, Colorado",city
Where did CVPR take place in 2010? Give me the exact location only.,"San Francisco, California",city
"In 2010, where was CVPR held? Give me the exact location only.","San Francisco, California",city
What was the location of CVPR in 2010? Give me the exact location only.,"San Francisco, California",city
Where was the venue for CVPR in 2010? Give me the exact location only.,"San Francisco, California",city
What was the site of CVPR in 2010? Give me the exact location only.,"San Francisco, California",city
"In 2010, where was CVPR hosted? Give me the exact location only.","San Francisco, California",city
Where did CVPR occur in 2010? Give me the exact location only.,"San Francisco, California",city
What venue hosted CVPR in 2010? Give me the exact location only.,"San Francisco, California",city
Where did CVPR convene in 2010? Give me the exact location only.,"San Francisco, California",city
What was the location for CVPR in 2010? Give me the exact location only.,"San Francisco, California",city
CVPR 2010 location Give me the exact location only.,"San Francisco, California",city
What location accommodated CVPR in 2010? Give me the exact location only.,"San Francisco, California",city
Where was the place of assembly for CVPR in 2010? Give me the exact location only.,"San Francisco, California",city
What was the venue of CVPR in 2010? Give me the exact location only.,"San Francisco, California",city
Give me the venue for 2010 CVPR Give me the exact location only.,"San Francisco, California",city
Where did CVPR take place in 2009? Give me the exact location only.,"Miami, Florida",city
"In 2009, where was CVPR held? Give me the exact location only.","Miami, Florida",city
What was the location of CVPR in 2009? Give me the exact location only.,"Miami, Florida",city
Where was the venue for CVPR in 2009? Give me the exact location only.,"Miami, Florida",city
What was the site of CVPR in 2009? Give me the exact location only.,"Miami, Florida",city
"In 2009, where was CVPR hosted? Give me the exact location only.","Miami, Florida",city
Where did CVPR occur in 2009? Give me the exact location only.,"Miami, Florida",city
What venue hosted CVPR in 2009? Give me the exact location only.,"Miami, Florida",city
Where did CVPR convene in 2009? Give me the exact location only.,"Miami, Florida",city
What was the location for CVPR in 2009? Give me the exact location only.,"Miami, Florida",city
CVPR 2009 location Give me the exact location only.,"Miami, Florida",city
What location accommodated CVPR in 2009? Give me the exact location only.,"Miami, Florida",city
Where was the place of assembly for CVPR in 2009? Give me the exact location only.,"Miami, Florida",city
What was the venue of CVPR in 2009? Give me the exact location only.,"Miami, Florida",city
Give me the venue for 2009 CVPR Give me the exact location only.,"Miami, Florida",city
Where did CVPR take place in 2008? Give me the exact location only.,"Anchorage, Alaska",city
"In 2008, where was CVPR held? Give me the exact location only.","Anchorage, Alaska",city
What was the location of CVPR in 2008? Give me the exact location only.,"Anchorage, Alaska",city
Where was the venue for CVPR in 2008? Give me the exact location only.,"Anchorage, Alaska",city
What was the site of CVPR in 2008? Give me the exact location only.,"Anchorage, Alaska",city
"In 2008, where was CVPR hosted? Give me the exact location only.","Anchorage, Alaska",city
Where did CVPR occur in 2008? Give me the exact location only.,"Anchorage, Alaska",city
What venue hosted CVPR in 2008? Give me the exact location only.,"Anchorage, Alaska",city
Where did CVPR convene in 2008? Give me the exact location only.,"Anchorage, Alaska",city
What was the location for CVPR in 2008? Give me the exact location only.,"Anchorage, Alaska",city
CVPR 2008 location Give me the exact location only.,"Anchorage, Alaska",city
What location accommodated CVPR in 2008? Give me the exact location only.,"Anchorage, Alaska",city
Where was the place of assembly for CVPR in 2008? Give me the exact location only.,"Anchorage, Alaska",city
What was the venue of CVPR in 2008? Give me the exact location only.,"Anchorage, Alaska",city
Give me the venue for 2008 CVPR Give me the exact location only.,"Anchorage, Alaska",city
Where did CVPR take place in 2007? Give me the exact location only.,"Minneapolis, Minnesota",city
"In 2007, where was CVPR held? Give me the exact location only.","Minneapolis, Minnesota",city
What was the location of CVPR in 2007? Give me the exact location only.,"Minneapolis, Minnesota",city
Where was the venue for CVPR in 2007? Give me the exact location only.,"Minneapolis, Minnesota",city
What was the site of CVPR in 2007? Give me the exact location only.,"Minneapolis, Minnesota",city
"In 2007, where was CVPR hosted? Give me the exact location only.","Minneapolis, Minnesota",city
Where did CVPR occur in 2007? Give me the exact location only.,"Minneapolis, Minnesota",city
What venue hosted CVPR in 2007? Give me the exact location only.,"Minneapolis, Minnesota",city
Where did CVPR convene in 2007? Give me the exact location only.,"Minneapolis, Minnesota",city
What was the location for CVPR in 2007? Give me the exact location only.,"Minneapolis, Minnesota",city
CVPR 2007 location Give me the exact location only.,"Minneapolis, Minnesota",city
What location accommodated CVPR in 2007? Give me the exact location only.,"Minneapolis, Minnesota",city
Where was the place of assembly for CVPR in 2007? Give me the exact location only.,"Minneapolis, Minnesota",city
What was the venue of CVPR in 2007? Give me the exact location only.,"Minneapolis, Minnesota",city
Give me the venue for 2007 CVPR Give me the exact location only.,"Minneapolis, Minnesota",city
Where did CVPR take place in 2006? Give me the exact location only.,"New York City, New York",city
"In 2006, where was CVPR held? Give me the exact location only.","New York City, New York",city
What was the location of CVPR in 2006? Give me the exact location only.,"New York City, New York",city
Where was the venue for CVPR in 2006? Give me the exact location only.,"New York City, New York",city
What was the site of CVPR in 2006? Give me the exact location only.,"New York City, New York",city
"In 2006, where was CVPR hosted? Give me the exact location only.","New York City, New York",city
Where did CVPR occur in 2006? Give me the exact location only.,"New York City, New York",city
What venue hosted CVPR in 2006? Give me the exact location only.,"New York City, New York",city
Where did CVPR convene in 2006? Give me the exact location only.,"New York City, New York",city
What was the location for CVPR in 2006? Give me the exact location only.,"New York City, New York",city
CVPR 2006 location Give me the exact location only.,"New York City, New York",city
What location accommodated CVPR in 2006? Give me the exact location only.,"New York City, New York",city
Where was the place of assembly for CVPR in 2006? Give me the exact location only.,"New York City, New York",city
What was the venue of CVPR in 2006? Give me the exact location only.,"New York City, New York",city
Give me the venue for 2006 CVPR Give me the exact location only.,"New York City, New York",city
Where did CVPR take place in 2005? Give me the exact location only.,"San Diego, California",city
"In 2005, where was CVPR held? Give me the exact location only.","San Diego, California",city
What was the location of CVPR in 2005? Give me the exact location only.,"San Diego, California",city
Where was the venue for CVPR in 2005? Give me the exact location only.,"San Diego, California",city
What was the site of CVPR in 2005? Give me the exact location only.,"San Diego, California",city
"In 2005, where was CVPR hosted? Give me the exact location only.","San Diego, California",city
Where did CVPR occur in 2005? Give me the exact location only.,"San Diego, California",city
What venue hosted CVPR in 2005? Give me the exact location only.,"San Diego, California",city
Where did CVPR convene in 2005? Give me the exact location only.,"San Diego, California",city
What was the location for CVPR in 2005? Give me the exact location only.,"San Diego, California",city
CVPR 2005 location Give me the exact location only.,"San Diego, California",city
What location accommodated CVPR in 2005? Give me the exact location only.,"San Diego, California",city
Where was the place of assembly for CVPR in 2005? Give me the exact location only.,"San Diego, California",city
What was the venue of CVPR in 2005? Give me the exact location only.,"San Diego, California",city
Give me the venue for 2005 CVPR Give me the exact location only.,"San Diego, California",city
Where did CVPR take place in 2004? Give me the exact location only.,Washington D.C.,city
"In 2004, where was CVPR held? Give me the exact location only.",Washington D.C.,city
What was the location of CVPR in 2004? Give me the exact location only.,Washington D.C.,city
Where was the venue for CVPR in 2004? Give me the exact location only.,Washington D.C.,city
What was the site of CVPR in 2004? Give me the exact location only.,Washington D.C.,city
"In 2004, where was CVPR hosted? Give me the exact location only.",Washington D.C.,city
Where did CVPR occur in 2004? Give me the exact location only.,Washington D.C.,city
What venue hosted CVPR in 2004? Give me the exact location only.,Washington D.C.,city
Where did CVPR convene in 2004? Give me the exact location only.,Washington D.C.,city
What was the location for CVPR in 2004? Give me the exact location only.,Washington D.C.,city
CVPR 2004 location Give me the exact location only.,Washington D.C.,city
What location accommodated CVPR in 2004? Give me the exact location only.,Washington D.C.,city
Where was the place of assembly for CVPR in 2004? Give me the exact location only.,Washington D.C.,city
What was the venue of CVPR in 2004? Give me the exact location only.,Washington D.C.,city
Give me the venue for 2004 CVPR Give me the exact location only.,Washington D.C.,city
Where did CVPR take place in 2003? Give me the exact location only.,"Madison, Wisconsin",city
"In 2003, where was CVPR held? Give me the exact location only.","Madison, Wisconsin",city
What was the location of CVPR in 2003? Give me the exact location only.,"Madison, Wisconsin",city
Where was the venue for CVPR in 2003? Give me the exact location only.,"Madison, Wisconsin",city
What was the site of CVPR in 2003? Give me the exact location only.,"Madison, Wisconsin",city
"In 2003, where was CVPR hosted? Give me the exact location only.","Madison, Wisconsin",city
Where did CVPR occur in 2003? Give me the exact location only.,"Madison, Wisconsin",city
What venue hosted CVPR in 2003? Give me the exact location only.,"Madison, Wisconsin",city
Where did CVPR convene in 2003? Give me the exact location only.,"Madison, Wisconsin",city
What was the location for CVPR in 2003? Give me the exact location only.,"Madison, Wisconsin",city
CVPR 2003 location Give me the exact location only.,"Madison, Wisconsin",city
What location accommodated CVPR in 2003? Give me the exact location only.,"Madison, Wisconsin",city
Where was the place of assembly for CVPR in 2003? Give me the exact location only.,"Madison, Wisconsin",city
What was the venue of CVPR in 2003? Give me the exact location only.,"Madison, Wisconsin",city
Give me the venue for 2003 CVPR Give me the exact location only.,"Madison, Wisconsin",city
Where did CVPR take place in 2001? Give me the exact location only.,"Kauai, Hawaii",city
"In 2001, where was CVPR held? Give me the exact location only.","Kauai, Hawaii",city
What was the location of CVPR in 2001? Give me the exact location only.,"Kauai, Hawaii",city
Where was the venue for CVPR in 2001? Give me the exact location only.,"Kauai, Hawaii",city
What was the site of CVPR in 2001? Give me the exact location only.,"Kauai, Hawaii",city
"In 2001, where was CVPR hosted? Give me the exact location only.","Kauai, Hawaii",city
Where did CVPR occur in 2001? Give me the exact location only.,"Kauai, Hawaii",city
What venue hosted CVPR in 2001? Give me the exact location only.,"Kauai, Hawaii",city
Where did CVPR convene in 2001? Give me the exact location only.,"Kauai, Hawaii",city
What was the location for CVPR in 2001? Give me the exact location only.,"Kauai, Hawaii",city
CVPR 2001 location Give me the exact location only.,"Kauai, Hawaii",city
What location accommodated CVPR in 2001? Give me the exact location only.,"Kauai, Hawaii",city
Where was the place of assembly for CVPR in 2001? Give me the exact location only.,"Kauai, Hawaii",city
What was the venue of CVPR in 2001? Give me the exact location only.,"Kauai, Hawaii",city
Give me the venue for 2001 CVPR Give me the exact location only.,"Kauai, Hawaii",city
Where did CVPR take place in 2000? Give me the exact location only.,"Hilton Head Island, South Carolina",city
"In 2000, where was CVPR held? Give me the exact location only.","Hilton Head Island, South Carolina",city
What was the location of CVPR in 2000? Give me the exact location only.,"Hilton Head Island, South Carolina",city
Where was the venue for CVPR in 2000? Give me the exact location only.,"Hilton Head Island, South Carolina",city
What was the site of CVPR in 2000? Give me the exact location only.,"Hilton Head Island, South Carolina",city
"In 2000, where was CVPR hosted? Give me the exact location only.","Hilton Head Island, South Carolina",city
Where did CVPR occur in 2000? Give me the exact location only.,"Hilton Head Island, South Carolina",city
What venue hosted CVPR in 2000? Give me the exact location only.,"Hilton Head Island, South Carolina",city
Where did CVPR convene in 2000? Give me the exact location only.,"Hilton Head Island, South Carolina",city
What was the location for CVPR in 2000? Give me the exact location only.,"Hilton Head Island, South Carolina",city
CVPR 2000 location Give me the exact location only.,"Hilton Head Island, South Carolina",city
What location accommodated CVPR in 2000? Give me the exact location only.,"Hilton Head Island, South Carolina",city
Where was the place of assembly for CVPR in 2000? Give me the exact location only.,"Hilton Head Island, South Carolina",city
What was the venue of CVPR in 2000? Give me the exact location only.,"Hilton Head Island, South Carolina",city
Give me the venue for 2000 CVPR Give me the exact location only.,"Hilton Head Island, South Carolina",city
Where did CVPR take place in 1999? Give me the exact location only.,"Fort Collins, Colorado",city
"In 1999, where was CVPR held? Give me the exact location only.","Fort Collins, Colorado",city
What was the location of CVPR in 1999? Give me the exact location only.,"Fort Collins, Colorado",city
Where was the venue for CVPR in 1999? Give me the exact location only.,"Fort Collins, Colorado",city
What was the site of CVPR in 1999? Give me the exact location only.,"Fort Collins, Colorado",city
"In 1999, where was CVPR hosted? Give me the exact location only.","Fort Collins, Colorado",city
Where did CVPR occur in 1999? Give me the exact location only.,"Fort Collins, Colorado",city
What venue hosted CVPR in 1999? Give me the exact location only.,"Fort Collins, Colorado",city
Where did CVPR convene in 1999? Give me the exact location only.,"Fort Collins, Colorado",city
What was the location for CVPR in 1999? Give me the exact location only.,"Fort Collins, Colorado",city
CVPR 1999 location Give me the exact location only.,"Fort Collins, Colorado",city
What location accommodated CVPR in 1999? Give me the exact location only.,"Fort Collins, Colorado",city
Where was the place of assembly for CVPR in 1999? Give me the exact location only.,"Fort Collins, Colorado",city
What was the venue of CVPR in 1999? Give me the exact location only.,"Fort Collins, Colorado",city
Give me the venue for 1999 CVPR Give me the exact location only.,"Fort Collins, Colorado",city
Where did CVPR take place in 1998? Give me the exact location only.,"Santa Barbara, California",city
"In 1998, where was CVPR held? Give me the exact location only.","Santa Barbara, California",city
What was the location of CVPR in 1998? Give me the exact location only.,"Santa Barbara, California",city
Where was the venue for CVPR in 1998? Give me the exact location only.,"Santa Barbara, California",city
What was the site of CVPR in 1998? Give me the exact location only.,"Santa Barbara, California",city
"In 1998, where was CVPR hosted? Give me the exact location only.","Santa Barbara, California",city
Where did CVPR occur in 1998? Give me the exact location only.,"Santa Barbara, California",city
What venue hosted CVPR in 1998? Give me the exact location only.,"Santa Barbara, California",city
Where did CVPR convene in 1998? Give me the exact location only.,"Santa Barbara, California",city
What was the location for CVPR in 1998? Give me the exact location only.,"Santa Barbara, California",city
CVPR 1998 location Give me the exact location only.,"Santa Barbara, California",city
What location accommodated CVPR in 1998? Give me the exact location only.,"Santa Barbara, California",city
Where was the place of assembly for CVPR in 1998? Give me the exact location only.,"Santa Barbara, California",city
What was the venue of CVPR in 1998? Give me the exact location only.,"Santa Barbara, California",city
Give me the venue for 1998 CVPR Give me the exact location only.,"Santa Barbara, California",city
Where did CVPR take place in 1997? Give me the exact location only.,"San Juan, Puerto Rico",city
"In 1997, where was CVPR held? Give me the exact location only.","San Juan, Puerto Rico",city
What was the location of CVPR in 1997? Give me the exact location only.,"San Juan, Puerto Rico",city
Where was the venue for CVPR in 1997? Give me the exact location only.,"San Juan, Puerto Rico",city
What was the site of CVPR in 1997? Give me the exact location only.,"San Juan, Puerto Rico",city
"In 1997, where was CVPR hosted? Give me the exact location only.","San Juan, Puerto Rico",city
Where did CVPR occur in 1997? Give me the exact location only.,"San Juan, Puerto Rico",city
What venue hosted CVPR in 1997? Give me the exact location only.,"San Juan, Puerto Rico",city
Where did CVPR convene in 1997? Give me the exact location only.,"San Juan, Puerto Rico",city
What was the location for CVPR in 1997? Give me the exact location only.,"San Juan, Puerto Rico",city
CVPR 1997 location Give me the exact location only.,"San Juan, Puerto Rico",city
What location accommodated CVPR in 1997? Give me the exact location only.,"San Juan, Puerto Rico",city
Where was the place of assembly for CVPR in 1997? Give me the exact location only.,"San Juan, Puerto Rico",city
What was the venue of CVPR in 1997? Give me the exact location only.,"San Juan, Puerto Rico",city
Give me the venue for 1997 CVPR Give me the exact location only.,"San Juan, Puerto Rico",city
Where did CVPR take place in 1996? Give me the exact location only.,"San Francisco, California",city
"In 1996, where was CVPR held? Give me the exact location only.","San Francisco, California",city
What was the location of CVPR in 1996? Give me the exact location only.,"San Francisco, California",city
Where was the venue for CVPR in 1996? Give me the exact location only.,"San Francisco, California",city
What was the site of CVPR in 1996? Give me the exact location only.,"San Francisco, California",city
"In 1996, where was CVPR hosted? Give me the exact location only.","San Francisco, California",city
Where did CVPR occur in 1996? Give me the exact location only.,"San Francisco, California",city
What venue hosted CVPR in 1996? Give me the exact location only.,"San Francisco, California",city
Where did CVPR convene in 1996? Give me the exact location only.,"San Francisco, California",city
What was the location for CVPR in 1996? Give me the exact location only.,"San Francisco, California",city
CVPR 1996 location Give me the exact location only.,"San Francisco, California",city
What location accommodated CVPR in 1996? Give me the exact location only.,"San Francisco, California",city
Where was the place of assembly for CVPR in 1996? Give me the exact location only.,"San Francisco, California",city
What was the venue of CVPR in 1996? Give me the exact location only.,"San Francisco, California",city
Give me the venue for 1996 CVPR Give me the exact location only.,"San Francisco, California",city
Where did CVPR take place in 1994? Give me the exact location only.,"Seattle, Washington",city
"In 1994, where was CVPR held? Give me the exact location only.","Seattle, Washington",city
What was the location of CVPR in 1994? Give me the exact location only.,"Seattle, Washington",city
Where was the venue for CVPR in 1994? Give me the exact location only.,"Seattle, Washington",city
What was the site of CVPR in 1994? Give me the exact location only.,"Seattle, Washington",city
"In 1994, where was CVPR hosted? Give me the exact location only.","Seattle, Washington",city
Where did CVPR occur in 1994? Give me the exact location only.,"Seattle, Washington",city
What venue hosted CVPR in 1994? Give me the exact location only.,"Seattle, Washington",city
Where did CVPR convene in 1994? Give me the exact location only.,"Seattle, Washington",city
What was the location for CVPR in 1994? Give me the exact location only.,"Seattle, Washington",city
CVPR 1994 location Give me the exact location only.,"Seattle, Washington",city
What location accommodated CVPR in 1994? Give me the exact location only.,"Seattle, Washington",city
Where was the place of assembly for CVPR in 1994? Give me the exact location only.,"Seattle, Washington",city
What was the venue of CVPR in 1994? Give me the exact location only.,"Seattle, Washington",city
Give me the venue for 1994 CVPR Give me the exact location only.,"Seattle, Washington",city
Where did CVPR take place in 1993? Give me the exact location only.,"New York City, New York",city
"In 1993, where was CVPR held? Give me the exact location only.","New York City, New York",city
What was the location of CVPR in 1993? Give me the exact location only.,"New York City, New York",city
Where was the venue for CVPR in 1993? Give me the exact location only.,"New York City, New York",city
What was the site of CVPR in 1993? Give me the exact location only.,"New York City, New York",city
"In 1993, where was CVPR hosted? Give me the exact location only.","New York City, New York",city
Where did CVPR occur in 1993? Give me the exact location only.,"New York City, New York",city
What venue hosted CVPR in 1993? Give me the exact location only.,"New York City, New York",city
Where did CVPR convene in 1993? Give me the exact location only.,"New York City, New York",city
What was the location for CVPR in 1993? Give me the exact location only.,"New York City, New York",city
CVPR 1993 location Give me the exact location only.,"New York City, New York",city
What location accommodated CVPR in 1993? Give me the exact location only.,"New York City, New York",city
Where was the place of assembly for CVPR in 1993? Give me the exact location only.,"New York City, New York",city
What was the venue of CVPR in 1993? Give me the exact location only.,"New York City, New York",city
Give me the venue for 1993 CVPR Give me the exact location only.,"New York City, New York",city
Where did EMNLP take place in 2017? Give me the exact location only.," Copenhagen, Denmark",city
"In 2017, where was EMNLP held? Give me the exact location only."," Copenhagen, Denmark",city
What was the location of EMNLP in 2017? Give me the exact location only.," Copenhagen, Denmark",city
Where was the venue for EMNLP in 2017? Give me the exact location only.," Copenhagen, Denmark",city
What was the site of EMNLP in 2017? Give me the exact location only.," Copenhagen, Denmark",city
"In 2017, where was EMNLP hosted? Give me the exact location only."," Copenhagen, Denmark",city
Where did EMNLP occur in 2017? Give me the exact location only.," Copenhagen, Denmark",city
What venue hosted EMNLP in 2017? Give me the exact location only.," Copenhagen, Denmark",city
Where did EMNLP convene in 2017? Give me the exact location only.," Copenhagen, Denmark",city
What was the location for EMNLP in 2017? Give me the exact location only.," Copenhagen, Denmark",city
EMNLP 2017 location Give me the exact location only.," Copenhagen, Denmark",city
What location accommodated EMNLP in 2017? Give me the exact location only.," Copenhagen, Denmark",city
Where was the place of assembly for EMNLP in 2017? Give me the exact location only.," Copenhagen, Denmark",city
What was the venue of EMNLP in 2017? Give me the exact location only.," Copenhagen, Denmark",city
Give me the venue for 2017 EMNLP Give me the exact location only.," Copenhagen, Denmark",city
Where did EMNLP take place in 2016? Give me the exact location only.," Austin, Texas, United States",city
"In 2016, where was EMNLP held? Give me the exact location only."," Austin, Texas, United States",city
What was the location of EMNLP in 2016? Give me the exact location only.," Austin, Texas, United States",city
Where was the venue for EMNLP in 2016? Give me the exact location only.," Austin, Texas, United States",city
What was the site of EMNLP in 2016? Give me the exact location only.," Austin, Texas, United States",city
"In 2016, where was EMNLP hosted? Give me the exact location only."," Austin, Texas, United States",city
Where did EMNLP occur in 2016? Give me the exact location only.," Austin, Texas, United States",city
What venue hosted EMNLP in 2016? Give me the exact location only.," Austin, Texas, United States",city
Where did EMNLP convene in 2016? Give me the exact location only.," Austin, Texas, United States",city
What was the location for EMNLP in 2016? Give me the exact location only.," Austin, Texas, United States",city
EMNLP 2016 location Give me the exact location only.," Austin, Texas, United States",city
What location accommodated EMNLP in 2016? Give me the exact location only.," Austin, Texas, United States",city
Where was the place of assembly for EMNLP in 2016? Give me the exact location only.," Austin, Texas, United States",city
What was the venue of EMNLP in 2016? Give me the exact location only.," Austin, Texas, United States",city
Give me the venue for 2016 EMNLP Give me the exact location only.," Austin, Texas, United States",city
Where did EMNLP take place in 2015? Give me the exact location only.," Lisbon, Portugal",city
"In 2015, where was EMNLP held? Give me the exact location only."," Lisbon, Portugal",city
What was the location of EMNLP in 2015? Give me the exact location only.," Lisbon, Portugal",city
Where was the venue for EMNLP in 2015? Give me the exact location only.," Lisbon, Portugal",city
What was the site of EMNLP in 2015? Give me the exact location only.," Lisbon, Portugal",city
"In 2015, where was EMNLP hosted? Give me the exact location only."," Lisbon, Portugal",city
Where did EMNLP occur in 2015? Give me the exact location only.," Lisbon, Portugal",city
What venue hosted EMNLP in 2015? Give me the exact location only.," Lisbon, Portugal",city
Where did EMNLP convene in 2015? Give me the exact location only.," Lisbon, Portugal",city
What was the location for EMNLP in 2015? Give me the exact location only.," Lisbon, Portugal",city
EMNLP 2015 location Give me the exact location only.," Lisbon, Portugal",city
What location accommodated EMNLP in 2015? Give me the exact location only.," Lisbon, Portugal",city
Where was the place of assembly for EMNLP in 2015? Give me the exact location only.," Lisbon, Portugal",city
What was the venue of EMNLP in 2015? Give me the exact location only.," Lisbon, Portugal",city
Give me the venue for 2015 EMNLP Give me the exact location only.," Lisbon, Portugal",city
Where did EMNLP take place in 2014? Give me the exact location only.," Doha, Qatar",city
"In 2014, where was EMNLP held? Give me the exact location only."," Doha, Qatar",city
What was the location of EMNLP in 2014? Give me the exact location only.," Doha, Qatar",city
Where was the venue for EMNLP in 2014? Give me the exact location only.," Doha, Qatar",city
What was the site of EMNLP in 2014? Give me the exact location only.," Doha, Qatar",city
"In 2014, where was EMNLP hosted? Give me the exact location only."," Doha, Qatar",city
Where did EMNLP occur in 2014? Give me the exact location only.," Doha, Qatar",city
What venue hosted EMNLP in 2014? Give me the exact location only.," Doha, Qatar",city
Where did EMNLP convene in 2014? Give me the exact location only.," Doha, Qatar",city
What was the location for EMNLP in 2014? Give me the exact location only.," Doha, Qatar",city
EMNLP 2014 location Give me the exact location only.," Doha, Qatar",city
What location accommodated EMNLP in 2014? Give me the exact location only.," Doha, Qatar",city
Where was the place of assembly for EMNLP in 2014? Give me the exact location only.," Doha, Qatar",city
What was the venue of EMNLP in 2014? Give me the exact location only.," Doha, Qatar",city
Give me the venue for 2014 EMNLP Give me the exact location only.," Doha, Qatar",city
Where did EMNLP take place in 2013? Give me the exact location only.," Seattle, Washington, United States",city
"In 2013, where was EMNLP held? Give me the exact location only."," Seattle, Washington, United States",city
What was the location of EMNLP in 2013? Give me the exact location only.," Seattle, Washington, United States",city
Where was the venue for EMNLP in 2013? Give me the exact location only.," Seattle, Washington, United States",city
What was the site of EMNLP in 2013? Give me the exact location only.," Seattle, Washington, United States",city
"In 2013, where was EMNLP hosted? Give me the exact location only."," Seattle, Washington, United States",city
Where did EMNLP occur in 2013? Give me the exact location only.," Seattle, Washington, United States",city
What venue hosted EMNLP in 2013? Give me the exact location only.," Seattle, Washington, United States",city
Where did EMNLP convene in 2013? Give me the exact location only.," Seattle, Washington, United States",city
What was the location for EMNLP in 2013? Give me the exact location only.," Seattle, Washington, United States",city
EMNLP 2013 location Give me the exact location only.," Seattle, Washington, United States",city
What location accommodated EMNLP in 2013? Give me the exact location only.," Seattle, Washington, United States",city
Where was the place of assembly for EMNLP in 2013? Give me the exact location only.," Seattle, Washington, United States",city
What was the venue of EMNLP in 2013? Give me the exact location only.," Seattle, Washington, United States",city
Give me the venue for 2013 EMNLP Give me the exact location only.," Seattle, Washington, United States",city
Where did EMNLP take place in 2012? Give me the exact location only.," Jeju Island, South Korea",city
"In 2012, where was EMNLP held? Give me the exact location only."," Jeju Island, South Korea",city
What was the location of EMNLP in 2012? Give me the exact location only.," Jeju Island, South Korea",city
Where was the venue for EMNLP in 2012? Give me the exact location only.," Jeju Island, South Korea",city
What was the site of EMNLP in 2012? Give me the exact location only.," Jeju Island, South Korea",city
"In 2012, where was EMNLP hosted? Give me the exact location only."," Jeju Island, South Korea",city
Where did EMNLP occur in 2012? Give me the exact location only.," Jeju Island, South Korea",city
What venue hosted EMNLP in 2012? Give me the exact location only.," Jeju Island, South Korea",city
Where did EMNLP convene in 2012? Give me the exact location only.," Jeju Island, South Korea",city
What was the location for EMNLP in 2012? Give me the exact location only.," Jeju Island, South Korea",city
EMNLP 2012 location Give me the exact location only.," Jeju Island, South Korea",city
What location accommodated EMNLP in 2012? Give me the exact location only.," Jeju Island, South Korea",city
Where was the place of assembly for EMNLP in 2012? Give me the exact location only.," Jeju Island, South Korea",city
What was the venue of EMNLP in 2012? Give me the exact location only.," Jeju Island, South Korea",city
Give me the venue for 2012 EMNLP Give me the exact location only.," Jeju Island, South Korea",city
Where did EMNLP take place in 2011? Give me the exact location only.," Edinburgh, United Kingdom",city
"In 2011, where was EMNLP held? Give me the exact location only."," Edinburgh, United Kingdom",city
What was the location of EMNLP in 2011? Give me the exact location only.," Edinburgh, United Kingdom",city
Where was the venue for EMNLP in 2011? Give me the exact location only.," Edinburgh, United Kingdom",city
What was the site of EMNLP in 2011? Give me the exact location only.," Edinburgh, United Kingdom",city
"In 2011, where was EMNLP hosted? Give me the exact location only."," Edinburgh, United Kingdom",city
Where did EMNLP occur in 2011? Give me the exact location only.," Edinburgh, United Kingdom",city
What venue hosted EMNLP in 2011? Give me the exact location only.," Edinburgh, United Kingdom",city
Where did EMNLP convene in 2011? Give me the exact location only.," Edinburgh, United Kingdom",city
What was the location for EMNLP in 2011? Give me the exact location only.," Edinburgh, United Kingdom",city
EMNLP 2011 location Give me the exact location only.," Edinburgh, United Kingdom",city
What location accommodated EMNLP in 2011? Give me the exact location only.," Edinburgh, United Kingdom",city
Where was the place of assembly for EMNLP in 2011? Give me the exact location only.," Edinburgh, United Kingdom",city
What was the venue of EMNLP in 2011? Give me the exact location only.," Edinburgh, United Kingdom",city
Give me the venue for 2011 EMNLP Give me the exact location only.," Edinburgh, United Kingdom",city
Where did EMNLP take place in 2010? Give me the exact location only.," Cambridge, Massachusetts, United States",city
"In 2010, where was EMNLP held? Give me the exact location only."," Cambridge, Massachusetts, United States",city
What was the location of EMNLP in 2010? Give me the exact location only.," Cambridge, Massachusetts, United States",city
Where was the venue for EMNLP in 2010? Give me the exact location only.," Cambridge, Massachusetts, United States",city
What was the site of EMNLP in 2010? Give me the exact location only.," Cambridge, Massachusetts, United States",city
"In 2010, where was EMNLP hosted? Give me the exact location only."," Cambridge, Massachusetts, United States",city
Where did EMNLP occur in 2010? Give me the exact location only.," Cambridge, Massachusetts, United States",city
What venue hosted EMNLP in 2010? Give me the exact location only.," Cambridge, Massachusetts, United States",city
Where did EMNLP convene in 2010? Give me the exact location only.," Cambridge, Massachusetts, United States",city
What was the location for EMNLP in 2010? Give me the exact location only.," Cambridge, Massachusetts, United States",city
EMNLP 2010 location Give me the exact location only.," Cambridge, Massachusetts, United States",city
What location accommodated EMNLP in 2010? Give me the exact location only.," Cambridge, Massachusetts, United States",city
Where was the place of assembly for EMNLP in 2010? Give me the exact location only.," Cambridge, Massachusetts, United States",city
What was the venue of EMNLP in 2010? Give me the exact location only.," Cambridge, Massachusetts, United States",city
Give me the venue for 2010 EMNLP Give me the exact location only.," Cambridge, Massachusetts, United States",city
Where did EMNLP take place in 2009? Give me the exact location only., Singapore,city
"In 2009, where was EMNLP held? Give me the exact location only.", Singapore,city
What was the location of EMNLP in 2009? Give me the exact location only., Singapore,city
Where was the venue for EMNLP in 2009? Give me the exact location only., Singapore,city
What was the site of EMNLP in 2009? Give me the exact location only., Singapore,city
"In 2009, where was EMNLP hosted? Give me the exact location only.", Singapore,city
Where did EMNLP occur in 2009? Give me the exact location only., Singapore,city
What venue hosted EMNLP in 2009? Give me the exact location only., Singapore,city
Where did EMNLP convene in 2009? Give me the exact location only., Singapore,city
What was the location for EMNLP in 2009? Give me the exact location only., Singapore,city
EMNLP 2009 location Give me the exact location only., Singapore,city
What location accommodated EMNLP in 2009? Give me the exact location only., Singapore,city
Where was the place of assembly for EMNLP in 2009? Give me the exact location only., Singapore,city
What was the venue of EMNLP in 2009? Give me the exact location only., Singapore,city
Give me the venue for 2009 EMNLP Give me the exact location only., Singapore,city
Where did EMNLP take place in 2008? Give me the exact location only.," Honolulu, Hawaii, United States",city
"In 2008, where was EMNLP held? Give me the exact location only."," Honolulu, Hawaii, United States",city
What was the location of EMNLP in 2008? Give me the exact location only.," Honolulu, Hawaii, United States",city
Where was the venue for EMNLP in 2008? Give me the exact location only.," Honolulu, Hawaii, United States",city
What was the site of EMNLP in 2008? Give me the exact location only.," Honolulu, Hawaii, United States",city
"In 2008, where was EMNLP hosted? Give me the exact location only."," Honolulu, Hawaii, United States",city
Where did EMNLP occur in 2008? Give me the exact location only.," Honolulu, Hawaii, United States",city
What venue hosted EMNLP in 2008? Give me the exact location only.," Honolulu, Hawaii, United States",city
Where did EMNLP convene in 2008? Give me the exact location only.," Honolulu, Hawaii, United States",city
What was the location for EMNLP in 2008? Give me the exact location only.," Honolulu, Hawaii, United States",city
EMNLP 2008 location Give me the exact location only.," Honolulu, Hawaii, United States",city
What location accommodated EMNLP in 2008? Give me the exact location only.," Honolulu, Hawaii, United States",city
Where was the place of assembly for EMNLP in 2008? Give me the exact location only.," Honolulu, Hawaii, United States",city
What was the venue of EMNLP in 2008? Give me the exact location only.," Honolulu, Hawaii, United States",city
Give me the venue for 2008 EMNLP Give me the exact location only.," Honolulu, Hawaii, United States",city
Where did EMNLP take place in 2007? Give me the exact location only.," Prague, Czech Republic",city
"In 2007, where was EMNLP held? Give me the exact location only."," Prague, Czech Republic",city
What was the location of EMNLP in 2007? Give me the exact location only.," Prague, Czech Republic",city
Where was the venue for EMNLP in 2007? Give me the exact location only.," Prague, Czech Republic",city
What was the site of EMNLP in 2007? Give me the exact location only.," Prague, Czech Republic",city
"In 2007, where was EMNLP hosted? Give me the exact location only."," Prague, Czech Republic",city
Where did EMNLP occur in 2007? Give me the exact location only.," Prague, Czech Republic",city
What venue hosted EMNLP in 2007? Give me the exact location only.," Prague, Czech Republic",city
Where did EMNLP convene in 2007? Give me the exact location only.," Prague, Czech Republic",city
What was the location for EMNLP in 2007? Give me the exact location only.," Prague, Czech Republic",city
EMNLP 2007 location Give me the exact location only.," Prague, Czech Republic",city
What location accommodated EMNLP in 2007? Give me the exact location only.," Prague, Czech Republic",city
Where was the place of assembly for EMNLP in 2007? Give me the exact location only.," Prague, Czech Republic",city
What was the venue of EMNLP in 2007? Give me the exact location only.," Prague, Czech Republic",city
Give me the venue for 2007 EMNLP Give me the exact location only.," Prague, Czech Republic",city
Where did EMNLP take place in 2006? Give me the exact location only.," Sydney, Australia",city
"In 2006, where was EMNLP held? Give me the exact location only."," Sydney, Australia",city
What was the location of EMNLP in 2006? Give me the exact location only.," Sydney, Australia",city
Where was the venue for EMNLP in 2006? Give me the exact location only.," Sydney, Australia",city
What was the site of EMNLP in 2006? Give me the exact location only.," Sydney, Australia",city
"In 2006, where was EMNLP hosted? Give me the exact location only."," Sydney, Australia",city
Where did EMNLP occur in 2006? Give me the exact location only.," Sydney, Australia",city
What venue hosted EMNLP in 2006? Give me the exact location only.," Sydney, Australia",city
Where did EMNLP convene in 2006? Give me the exact location only.," Sydney, Australia",city
What was the location for EMNLP in 2006? Give me the exact location only.," Sydney, Australia",city
EMNLP 2006 location Give me the exact location only.," Sydney, Australia",city
What location accommodated EMNLP in 2006? Give me the exact location only.," Sydney, Australia",city
Where was the place of assembly for EMNLP in 2006? Give me the exact location only.," Sydney, Australia",city
What was the venue of EMNLP in 2006? Give me the exact location only.," Sydney, Australia",city
Give me the venue for 2006 EMNLP Give me the exact location only.," Sydney, Australia",city
Where did ICCV take place in 2023? Give me the exact location only.,"Paris, France",city
"In 2023, where was ICCV held? Give me the exact location only.","Paris, France",city
What was the location of ICCV in 2023? Give me the exact location only.,"Paris, France",city
Where was the venue for ICCV in 2023? Give me the exact location only.,"Paris, France",city
What was the site of ICCV in 2023? Give me the exact location only.,"Paris, France",city
"In 2023, where was ICCV hosted? Give me the exact location only.","Paris, France",city
Where did ICCV occur in 2023? Give me the exact location only.,"Paris, France",city
What venue hosted ICCV in 2023? Give me the exact location only.,"Paris, France",city
Where did ICCV convene in 2023? Give me the exact location only.,"Paris, France",city
What was the location for ICCV in 2023? Give me the exact location only.,"Paris, France",city
ICCV 2023 location Give me the exact location only.,"Paris, France",city
What location accommodated ICCV in 2023? Give me the exact location only.,"Paris, France",city
Where was the place of assembly for ICCV in 2023? Give me the exact location only.,"Paris, France",city
What was the venue of ICCV in 2023? Give me the exact location only.,"Paris, France",city
Give me the venue for 2023 ICCV Give me the exact location only.,"Paris, France",city
Where did ICCV take place in 2021? Give me the exact location only.,"Montreal, Canada Virtual/Online",city
"In 2021, where was ICCV held? Give me the exact location only.","Montreal, Canada Virtual/Online",city
What was the location of ICCV in 2021? Give me the exact location only.,"Montreal, Canada Virtual/Online",city
Where was the venue for ICCV in 2021? Give me the exact location only.,"Montreal, Canada Virtual/Online",city
What was the site of ICCV in 2021? Give me the exact location only.,"Montreal, Canada Virtual/Online",city
"In 2021, where was ICCV hosted? Give me the exact location only.","Montreal, Canada Virtual/Online",city
Where did ICCV occur in 2021? Give me the exact location only.,"Montreal, Canada Virtual/Online",city
What venue hosted ICCV in 2021? Give me the exact location only.,"Montreal, Canada Virtual/Online",city
Where did ICCV convene in 2021? Give me the exact location only.,"Montreal, Canada Virtual/Online",city
What was the location for ICCV in 2021? Give me the exact location only.,"Montreal, Canada Virtual/Online",city
ICCV 2021 location Give me the exact location only.,"Montreal, Canada Virtual/Online",city
What location accommodated ICCV in 2021? Give me the exact location only.,"Montreal, Canada Virtual/Online",city
Where was the place of assembly for ICCV in 2021? Give me the exact location only.,"Montreal, Canada Virtual/Online",city
What was the venue of ICCV in 2021? Give me the exact location only.,"Montreal, Canada Virtual/Online",city
Give me the venue for 2021 ICCV Give me the exact location only.,"Montreal, Canada Virtual/Online",city
Where did ICCV take place in 2019? Give me the exact location only.,"Seoul, Korea",city
"In 2019, where was ICCV held? Give me the exact location only.","Seoul, Korea",city
What was the location of ICCV in 2019? Give me the exact location only.,"Seoul, Korea",city
Where was the venue for ICCV in 2019? Give me the exact location only.,"Seoul, Korea",city
What was the site of ICCV in 2019? Give me the exact location only.,"Seoul, Korea",city
"In 2019, where was ICCV hosted? Give me the exact location only.","Seoul, Korea",city
Where did ICCV occur in 2019? Give me the exact location only.,"Seoul, Korea",city
What venue hosted ICCV in 2019? Give me the exact location only.,"Seoul, Korea",city
Where did ICCV convene in 2019? Give me the exact location only.,"Seoul, Korea",city
What was the location for ICCV in 2019? Give me the exact location only.,"Seoul, Korea",city
ICCV 2019 location Give me the exact location only.,"Seoul, Korea",city
What location accommodated ICCV in 2019? Give me the exact location only.,"Seoul, Korea",city
Where was the place of assembly for ICCV in 2019? Give me the exact location only.,"Seoul, Korea",city
What was the venue of ICCV in 2019? Give me the exact location only.,"Seoul, Korea",city
Give me the venue for 2019 ICCV Give me the exact location only.,"Seoul, Korea",city
Where did ICCV take place in 2017? Give me the exact location only.,"Venice, Italy",city
"In 2017, where was ICCV held? Give me the exact location only.","Venice, Italy",city
What was the location of ICCV in 2017? Give me the exact location only.,"Venice, Italy",city
Where was the venue for ICCV in 2017? Give me the exact location only.,"Venice, Italy",city
What was the site of ICCV in 2017? Give me the exact location only.,"Venice, Italy",city
"In 2017, where was ICCV hosted? Give me the exact location only.","Venice, Italy",city
Where did ICCV occur in 2017? Give me the exact location only.,"Venice, Italy",city
What venue hosted ICCV in 2017? Give me the exact location only.,"Venice, Italy",city
Where did ICCV convene in 2017? Give me the exact location only.,"Venice, Italy",city
What was the location for ICCV in 2017? Give me the exact location only.,"Venice, Italy",city
ICCV 2017 location Give me the exact location only.,"Venice, Italy",city
What location accommodated ICCV in 2017? Give me the exact location only.,"Venice, Italy",city
Where was the place of assembly for ICCV in 2017? Give me the exact location only.,"Venice, Italy",city
What was the venue of ICCV in 2017? Give me the exact location only.,"Venice, Italy",city
Give me the venue for 2017 ICCV Give me the exact location only.,"Venice, Italy",city
Where did ICCV take place in 2015? Give me the exact location only.,"Santiago, Chile",city
"In 2015, where was ICCV held? Give me the exact location only.","Santiago, Chile",city
What was the location of ICCV in 2015? Give me the exact location only.,"Santiago, Chile",city
Where was the venue for ICCV in 2015? Give me the exact location only.,"Santiago, Chile",city
What was the site of ICCV in 2015? Give me the exact location only.,"Santiago, Chile",city
"In 2015, where was ICCV hosted? Give me the exact location only.","Santiago, Chile",city
Where did ICCV occur in 2015? Give me the exact location only.,"Santiago, Chile",city
What venue hosted ICCV in 2015? Give me the exact location only.,"Santiago, Chile",city
Where did ICCV convene in 2015? Give me the exact location only.,"Santiago, Chile",city
What was the location for ICCV in 2015? Give me the exact location only.,"Santiago, Chile",city
ICCV 2015 location Give me the exact location only.,"Santiago, Chile",city
What location accommodated ICCV in 2015? Give me the exact location only.,"Santiago, Chile",city
Where was the place of assembly for ICCV in 2015? Give me the exact location only.,"Santiago, Chile",city
What was the venue of ICCV in 2015? Give me the exact location only.,"Santiago, Chile",city
Give me the venue for 2015 ICCV Give me the exact location only.,"Santiago, Chile",city
Where did ICCV take place in 2013? Give me the exact location only.,"Sydney, Australia",city
"In 2013, where was ICCV held? Give me the exact location only.","Sydney, Australia",city
What was the location of ICCV in 2013? Give me the exact location only.,"Sydney, Australia",city
Where was the venue for ICCV in 2013? Give me the exact location only.,"Sydney, Australia",city
What was the site of ICCV in 2013? Give me the exact location only.,"Sydney, Australia",city
"In 2013, where was ICCV hosted? Give me the exact location only.","Sydney, Australia",city
Where did ICCV occur in 2013? Give me the exact location only.,"Sydney, Australia",city
What venue hosted ICCV in 2013? Give me the exact location only.,"Sydney, Australia",city
Where did ICCV convene in 2013? Give me the exact location only.,"Sydney, Australia",city
What was the location for ICCV in 2013? Give me the exact location only.,"Sydney, Australia",city
ICCV 2013 location Give me the exact location only.,"Sydney, Australia",city
What location accommodated ICCV in 2013? Give me the exact location only.,"Sydney, Australia",city
Where was the place of assembly for ICCV in 2013? Give me the exact location only.,"Sydney, Australia",city
What was the venue of ICCV in 2013? Give me the exact location only.,"Sydney, Australia",city
Give me the venue for 2013 ICCV Give me the exact location only.,"Sydney, Australia",city
Where did ICCV take place in 2011? Give me the exact location only.,"Barcelona, Spain",city
"In 2011, where was ICCV held? Give me the exact location only.","Barcelona, Spain",city
What was the location of ICCV in 2011? Give me the exact location only.,"Barcelona, Spain",city
Where was the venue for ICCV in 2011? Give me the exact location only.,"Barcelona, Spain",city
What was the site of ICCV in 2011? Give me the exact location only.,"Barcelona, Spain",city
"In 2011, where was ICCV hosted? Give me the exact location only.","Barcelona, Spain",city
Where did ICCV occur in 2011? Give me the exact location only.,"Barcelona, Spain",city
What venue hosted ICCV in 2011? Give me the exact location only.,"Barcelona, Spain",city
Where did ICCV convene in 2011? Give me the exact location only.,"Barcelona, Spain",city
What was the location for ICCV in 2011? Give me the exact location only.,"Barcelona, Spain",city
ICCV 2011 location Give me the exact location only.,"Barcelona, Spain",city
What location accommodated ICCV in 2011? Give me the exact location only.,"Barcelona, Spain",city
Where was the place of assembly for ICCV in 2011? Give me the exact location only.,"Barcelona, Spain",city
What was the venue of ICCV in 2011? Give me the exact location only.,"Barcelona, Spain",city
Give me the venue for 2011 ICCV Give me the exact location only.,"Barcelona, Spain",city
Where did ICCV take place in 2009? Give me the exact location only.,"Kyoto, Japan",city
"In 2009, where was ICCV held? Give me the exact location only.","Kyoto, Japan",city
What was the location of ICCV in 2009? Give me the exact location only.,"Kyoto, Japan",city
Where was the venue for ICCV in 2009? Give me the exact location only.,"Kyoto, Japan",city
What was the site of ICCV in 2009? Give me the exact location only.,"Kyoto, Japan",city
"In 2009, where was ICCV hosted? Give me the exact location only.","Kyoto, Japan",city
Where did ICCV occur in 2009? Give me the exact location only.,"Kyoto, Japan",city
What venue hosted ICCV in 2009? Give me the exact location only.,"Kyoto, Japan",city
Where did ICCV convene in 2009? Give me the exact location only.,"Kyoto, Japan",city
What was the location for ICCV in 2009? Give me the exact location only.,"Kyoto, Japan",city
ICCV 2009 location Give me the exact location only.,"Kyoto, Japan",city
What location accommodated ICCV in 2009? Give me the exact location only.,"Kyoto, Japan",city
Where was the place of assembly for ICCV in 2009? Give me the exact location only.,"Kyoto, Japan",city
What was the venue of ICCV in 2009? Give me the exact location only.,"Kyoto, Japan",city
Give me the venue for 2009 ICCV Give me the exact location only.,"Kyoto, Japan",city
Where did ICCV take place in 2007? Give me the exact location only.,"Rio de Janeiro, Brazil",city
"In 2007, where was ICCV held? Give me the exact location only.","Rio de Janeiro, Brazil",city
What was the location of ICCV in 2007? Give me the exact location only.,"Rio de Janeiro, Brazil",city
Where was the venue for ICCV in 2007? Give me the exact location only.,"Rio de Janeiro, Brazil",city
What was the site of ICCV in 2007? Give me the exact location only.,"Rio de Janeiro, Brazil",city
"In 2007, where was ICCV hosted? Give me the exact location only.","Rio de Janeiro, Brazil",city
Where did ICCV occur in 2007? Give me the exact location only.,"Rio de Janeiro, Brazil",city
What venue hosted ICCV in 2007? Give me the exact location only.,"Rio de Janeiro, Brazil",city
Where did ICCV convene in 2007? Give me the exact location only.,"Rio de Janeiro, Brazil",city
What was the location for ICCV in 2007? Give me the exact location only.,"Rio de Janeiro, Brazil",city
ICCV 2007 location Give me the exact location only.,"Rio de Janeiro, Brazil",city
What location accommodated ICCV in 2007? Give me the exact location only.,"Rio de Janeiro, Brazil",city
Where was the place of assembly for ICCV in 2007? Give me the exact location only.,"Rio de Janeiro, Brazil",city
What was the venue of ICCV in 2007? Give me the exact location only.,"Rio de Janeiro, Brazil",city
Give me the venue for 2007 ICCV Give me the exact location only.,"Rio de Janeiro, Brazil",city
Where did ICCV take place in 2005? Give me the exact location only.,"Beijing, China",city
"In 2005, where was ICCV held? Give me the exact location only.","Beijing, China",city
What was the location of ICCV in 2005? Give me the exact location only.,"Beijing, China",city
Where was the venue for ICCV in 2005? Give me the exact location only.,"Beijing, China",city
What was the site of ICCV in 2005? Give me the exact location only.,"Beijing, China",city
"In 2005, where was ICCV hosted? Give me the exact location only.","Beijing, China",city
Where did ICCV occur in 2005? Give me the exact location only.,"Beijing, China",city
What venue hosted ICCV in 2005? Give me the exact location only.,"Beijing, China",city
Where did ICCV convene in 2005? Give me the exact location only.,"Beijing, China",city
What was the location for ICCV in 2005? Give me the exact location only.,"Beijing, China",city
ICCV 2005 location Give me the exact location only.,"Beijing, China",city
What location accommodated ICCV in 2005? Give me the exact location only.,"Beijing, China",city
Where was the place of assembly for ICCV in 2005? Give me the exact location only.,"Beijing, China",city
What was the venue of ICCV in 2005? Give me the exact location only.,"Beijing, China",city
Give me the venue for 2005 ICCV Give me the exact location only.,"Beijing, China",city
Where did ICCV take place in 2003? Give me the exact location only.,"Nice, France",city
"In 2003, where was ICCV held? Give me the exact location only.","Nice, France",city
What was the location of ICCV in 2003? Give me the exact location only.,"Nice, France",city
Where was the venue for ICCV in 2003? Give me the exact location only.,"Nice, France",city
What was the site of ICCV in 2003? Give me the exact location only.,"Nice, France",city
"In 2003, where was ICCV hosted? Give me the exact location only.","Nice, France",city
Where did ICCV occur in 2003? Give me the exact location only.,"Nice, France",city
What venue hosted ICCV in 2003? Give me the exact location only.,"Nice, France",city
Where did ICCV convene in 2003? Give me the exact location only.,"Nice, France",city
What was the location for ICCV in 2003? Give me the exact location only.,"Nice, France",city
ICCV 2003 location Give me the exact location only.,"Nice, France",city
What location accommodated ICCV in 2003? Give me the exact location only.,"Nice, France",city
Where was the place of assembly for ICCV in 2003? Give me the exact location only.,"Nice, France",city
What was the venue of ICCV in 2003? Give me the exact location only.,"Nice, France",city
Give me the venue for 2003 ICCV Give me the exact location only.,"Nice, France",city
Where did ICCV take place in 2001? Give me the exact location only.,"Vancouver, Canada",city
"In 2001, where was ICCV held? Give me the exact location only.","Vancouver, Canada",city
What was the location of ICCV in 2001? Give me the exact location only.,"Vancouver, Canada",city
Where was the venue for ICCV in 2001? Give me the exact location only.,"Vancouver, Canada",city
What was the site of ICCV in 2001? Give me the exact location only.,"Vancouver, Canada",city
"In 2001, where was ICCV hosted? Give me the exact location only.","Vancouver, Canada",city
Where did ICCV occur in 2001? Give me the exact location only.,"Vancouver, Canada",city
What venue hosted ICCV in 2001? Give me the exact location only.,"Vancouver, Canada",city
Where did ICCV convene in 2001? Give me the exact location only.,"Vancouver, Canada",city
What was the location for ICCV in 2001? Give me the exact location only.,"Vancouver, Canada",city
ICCV 2001 location Give me the exact location only.,"Vancouver, Canada",city
What location accommodated ICCV in 2001? Give me the exact location only.,"Vancouver, Canada",city
Where was the place of assembly for ICCV in 2001? Give me the exact location only.,"Vancouver, Canada",city
What was the venue of ICCV in 2001? Give me the exact location only.,"Vancouver, Canada",city
Give me the venue for 2001 ICCV Give me the exact location only.,"Vancouver, Canada",city
Where did ICCV take place in 1999? Give me the exact location only.,"Corfu, Greece",city
"In 1999, where was ICCV held? Give me the exact location only.","Corfu, Greece",city
What was the location of ICCV in 1999? Give me the exact location only.,"Corfu, Greece",city
Where was the venue for ICCV in 1999? Give me the exact location only.,"Corfu, Greece",city
What was the site of ICCV in 1999? Give me the exact location only.,"Corfu, Greece",city
"In 1999, where was ICCV hosted? Give me the exact location only.","Corfu, Greece",city
Where did ICCV occur in 1999? Give me the exact location only.,"Corfu, Greece",city
What venue hosted ICCV in 1999? Give me the exact location only.,"Corfu, Greece",city
Where did ICCV convene in 1999? Give me the exact location only.,"Corfu, Greece",city
What was the location for ICCV in 1999? Give me the exact location only.,"Corfu, Greece",city
ICCV 1999 location Give me the exact location only.,"Corfu, Greece",city
What location accommodated ICCV in 1999? Give me the exact location only.,"Corfu, Greece",city
Where was the place of assembly for ICCV in 1999? Give me the exact location only.,"Corfu, Greece",city
What was the venue of ICCV in 1999? Give me the exact location only.,"Corfu, Greece",city
Give me the venue for 1999 ICCV Give me the exact location only.,"Corfu, Greece",city
Where did ICCV take place in 1998? Give me the exact location only.,"Mumbai, India",city
"In 1998, where was ICCV held? Give me the exact location only.","Mumbai, India",city
What was the location of ICCV in 1998? Give me the exact location only.,"Mumbai, India",city
Where was the venue for ICCV in 1998? Give me the exact location only.,"Mumbai, India",city
What was the site of ICCV in 1998? Give me the exact location only.,"Mumbai, India",city
"In 1998, where was ICCV hosted? Give me the exact location only.","Mumbai, India",city
Where did ICCV occur in 1998? Give me the exact location only.,"Mumbai, India",city
What venue hosted ICCV in 1998? Give me the exact location only.,"Mumbai, India",city
Where did ICCV convene in 1998? Give me the exact location only.,"Mumbai, India",city
What was the location for ICCV in 1998? Give me the exact location only.,"Mumbai, India",city
ICCV 1998 location Give me the exact location only.,"Mumbai, India",city
What location accommodated ICCV in 1998? Give me the exact location only.,"Mumbai, India",city
Where was the place of assembly for ICCV in 1998? Give me the exact location only.,"Mumbai, India",city
What was the venue of ICCV in 1998? Give me the exact location only.,"Mumbai, India",city
Give me the venue for 1998 ICCV Give me the exact location only.,"Mumbai, India",city
Where did ICCV take place in 1995? Give me the exact location only.,"Boston, Massachusetts",city
"In 1995, where was ICCV held? Give me the exact location only.","Boston, Massachusetts",city
What was the location of ICCV in 1995? Give me the exact location only.,"Boston, Massachusetts",city
Where was the venue for ICCV in 1995? Give me the exact location only.,"Boston, Massachusetts",city
What was the site of ICCV in 1995? Give me the exact location only.,"Boston, Massachusetts",city
"In 1995, where was ICCV hosted? Give me the exact location only.","Boston, Massachusetts",city
Where did ICCV occur in 1995? Give me the exact location only.,"Boston, Massachusetts",city
What venue hosted ICCV in 1995? Give me the exact location only.,"Boston, Massachusetts",city
Where did ICCV convene in 1995? Give me the exact location only.,"Boston, Massachusetts",city
What was the location for ICCV in 1995? Give me the exact location only.,"Boston, Massachusetts",city
ICCV 1995 location Give me the exact location only.,"Boston, Massachusetts",city
What location accommodated ICCV in 1995? Give me the exact location only.,"Boston, Massachusetts",city
Where was the place of assembly for ICCV in 1995? Give me the exact location only.,"Boston, Massachusetts",city
What was the venue of ICCV in 1995? Give me the exact location only.,"Boston, Massachusetts",city
Give me the venue for 1995 ICCV Give me the exact location only.,"Boston, Massachusetts",city
Where did ICCV take place in 1993? Give me the exact location only.,"Berlin, Germany",city
"In 1993, where was ICCV held? Give me the exact location only.","Berlin, Germany",city
What was the location of ICCV in 1993? Give me the exact location only.,"Berlin, Germany",city
Where was the venue for ICCV in 1993? Give me the exact location only.,"Berlin, Germany",city
What was the site of ICCV in 1993? Give me the exact location only.,"Berlin, Germany",city
"In 1993, where was ICCV hosted? Give me the exact location only.","Berlin, Germany",city
Where did ICCV occur in 1993? Give me the exact location only.,"Berlin, Germany",city
What venue hosted ICCV in 1993? Give me the exact location only.,"Berlin, Germany",city
Where did ICCV convene in 1993? Give me the exact location only.,"Berlin, Germany",city
What was the location for ICCV in 1993? Give me the exact location only.,"Berlin, Germany",city
ICCV 1993 location Give me the exact location only.,"Berlin, Germany",city
What location accommodated ICCV in 1993? Give me the exact location only.,"Berlin, Germany",city
Where was the place of assembly for ICCV in 1993? Give me the exact location only.,"Berlin, Germany",city
What was the venue of ICCV in 1993? Give me the exact location only.,"Berlin, Germany",city
Give me the venue for 1993 ICCV Give me the exact location only.,"Berlin, Germany",city
Where did ICCV take place in 1990? Give me the exact location only.,"Osaka, Japan",city
"In 1990, where was ICCV held? Give me the exact location only.","Osaka, Japan",city
What was the location of ICCV in 1990? Give me the exact location only.,"Osaka, Japan",city
Where was the venue for ICCV in 1990? Give me the exact location only.,"Osaka, Japan",city
What was the site of ICCV in 1990? Give me the exact location only.,"Osaka, Japan",city
"In 1990, where was ICCV hosted? Give me the exact location only.","Osaka, Japan",city
Where did ICCV occur in 1990? Give me the exact location only.,"Osaka, Japan",city
What venue hosted ICCV in 1990? Give me the exact location only.,"Osaka, Japan",city
Where did ICCV convene in 1990? Give me the exact location only.,"Osaka, Japan",city
What was the location for ICCV in 1990? Give me the exact location only.,"Osaka, Japan",city
ICCV 1990 location Give me the exact location only.,"Osaka, Japan",city
What location accommodated ICCV in 1990? Give me the exact location only.,"Osaka, Japan",city
Where was the place of assembly for ICCV in 1990? Give me the exact location only.,"Osaka, Japan",city
What was the venue of ICCV in 1990? Give me the exact location only.,"Osaka, Japan",city
Give me the venue for 1990 ICCV Give me the exact location only.,"Osaka, Japan",city
Where did ICCV take place in 1988? Give me the exact location only.,"Tampa, Florida",city
"In 1988, where was ICCV held? Give me the exact location only.","Tampa, Florida",city
What was the location of ICCV in 1988? Give me the exact location only.,"Tampa, Florida",city
Where was the venue for ICCV in 1988? Give me the exact location only.,"Tampa, Florida",city
What was the site of ICCV in 1988? Give me the exact location only.,"Tampa, Florida",city
"In 1988, where was ICCV hosted? Give me the exact location only.","Tampa, Florida",city
Where did ICCV occur in 1988? Give me the exact location only.,"Tampa, Florida",city
What venue hosted ICCV in 1988? Give me the exact location only.,"Tampa, Florida",city
Where did ICCV convene in 1988? Give me the exact location only.,"Tampa, Florida",city
What was the location for ICCV in 1988? Give me the exact location only.,"Tampa, Florida",city
ICCV 1988 location Give me the exact location only.,"Tampa, Florida",city
What location accommodated ICCV in 1988? Give me the exact location only.,"Tampa, Florida",city
Where was the place of assembly for ICCV in 1988? Give me the exact location only.,"Tampa, Florida",city
What was the venue of ICCV in 1988? Give me the exact location only.,"Tampa, Florida",city
Give me the venue for 1988 ICCV Give me the exact location only.,"Tampa, Florida",city
Where did ICCV take place in 1987? Give me the exact location only.,"London, United Kingdom",city
"In 1987, where was ICCV held? Give me the exact location only.","London, United Kingdom",city
What was the location of ICCV in 1987? Give me the exact location only.,"London, United Kingdom",city
Where was the venue for ICCV in 1987? Give me the exact location only.,"London, United Kingdom",city
What was the site of ICCV in 1987? Give me the exact location only.,"London, United Kingdom",city
"In 1987, where was ICCV hosted? Give me the exact location only.","London, United Kingdom",city
Where did ICCV occur in 1987? Give me the exact location only.,"London, United Kingdom",city
What venue hosted ICCV in 1987? Give me the exact location only.,"London, United Kingdom",city
Where did ICCV convene in 1987? Give me the exact location only.,"London, United Kingdom",city
What was the location for ICCV in 1987? Give me the exact location only.,"London, United Kingdom",city
ICCV 1987 location Give me the exact location only.,"London, United Kingdom",city
What location accommodated ICCV in 1987? Give me the exact location only.,"London, United Kingdom",city
Where was the place of assembly for ICCV in 1987? Give me the exact location only.,"London, United Kingdom",city
What was the venue of ICCV in 1987? Give me the exact location only.,"London, United Kingdom",city
Give me the venue for 1987 ICCV Give me the exact location only.,"London, United Kingdom",city
